,bjdCode,codeAptNm,codeHallNm,codeHeatNm,codeMgrNm,codeSaleNm,doroJuso,hoCnt,kaptAcompany,kaptAddr,kaptBcompany,kaptCode,kaptDongCnt,kaptFax,kaptMarea,kaptMparea_135,kaptMparea_136,kaptMparea_60,kaptMparea_85,kaptName,kaptTarea,kaptTel,kaptUrl,kaptUsedate,kaptdaCnt,privArea
0,1168010100,아파트,계단식,지역난방,위탁관리,혼합,서울특별시 강남구 테헤란로44길 26,499,개나리4차 재건축조합,서울특별시 강남구 역삼동 712-1 강남센트럴아이파크,현대산업개발,A10023825,5,025087506,47840.057,166,25,100,208,강남센트럴아이파크,102103.254,025087504,admin.aptner.co.kr,20220428,499,47840.27
1,1168010100,아파트,계단식,지역난방,위탁관리,혼합,서울특별시 강남구 역삼로 315-1,240,개나리5차주택재건축정비조합,서울특별시 강남구 역삼동 716-3 개나리SKVIEW,SK건설,A13579506,3,025577732,31651.68,96,0,0,144,개나리SKVIEW,49201.26,025577730, ,20120817,240,24456
2,1168010100,주상복합,복도식,지역난방,위탁관리,분양,서울특별시 강남구 언주로 427,457,대우건설,서울특별시 강남구 역삼동 720-25 대우디오빌역삼,대우건설,A13592002,1,0221936004,34281.493,0,0,434,23,대우디오빌역삼,34281.493,0221936000, ,20020625,457,18737.983
3,1168010100,아파트,복도식,개별난방,위탁관리,분양,서울특별시 강남구 강남대로84길 33,168,플러스하우징,서울특별시 강남구 역삼동 824-25 대우디오빌플러스,대우건설,A13508003,1,0220500005,12448.08,0,0,168,0,대우디오빌플러스,12448.08,0220500001, ,20040525,168,6700.56
4,1168010100,아파트,계단식,지역난방,위탁관리,혼합,서울특별시 강남구 도곡로43길 21,464,삼성건설,서울특별시 강남구 역삼동 762-3 래미안그레이튼,삼성건설,A13508011,5,025582973,55307.302,182,0,94,188,래미안그레이튼,77893.714,025582981, ,20100604,464,42335.44
5,1168010100,아파트,계단식,지역난방,위탁관리,혼합,서울특별시 강남구 도곡로43길 20,476,진달래아파트3차 재건축조합,서울특별시 강남구 역삼동 763-16 래미안그레이튼3차,삼성물산,A13579505,8,0234530027,52943.79,0,74,121,281,래미안그레이튼3차,76688.31,0234536161, ,20091228,476,39854.66
6,1168010100,아파트,계단식,개별난방,위탁관리,분양,서울특별시 강남구 도곡로57길 12,150,신도곡아파트재건축조합,서울특별시 강남구 역삼동 765-32 역삼2차아이파크,현대산업개발(주),A13579503,3,0220516284,16102.2345,33,0,30,87,역삼2차아이파크,22883.04,0220516283,xn--2-em4f59iital3dm4lq3husf.apti.co.kr/,20081202,150,13090.646
7,1168010100,아파트,계단식,지역난방,위탁관리,분양,서울특별시 강남구 선릉로69길 20,840,(주)대림산업,서울특별시 강남구 역삼동 755-4 역삼e-편한세상,(주)대림산업,A13592605,12,025652917,75790.677,0,0,513,327,역삼e-편한세상,116730.145,025652911,역삼e-편한세상.apti.co.kr,20051216,840,58385.755
8,1168010100,아파트,계단식,지역난방,위탁관리,분양,서울특별시 강남구 역삼로 306,438,개나리래미안조합,서울특별시 강남구 역삼동 754 역삼개나리래미안,삼성,A13592601,7,025564476,57361.67,143,74,88,133,역삼개나리래미안,93113.21,025564420, ,20060831,438,44847.47
9,1168010100,아파트,계단식,지역난방,위탁관리,분양,서울특별시 강남구 역삼로 314,332,대우건설,서울특별시 강남구 역삼동 755-1 역삼개나리푸르지오,대우건설,A13579501,5,025646602,45096.913,85,78,67,102,역삼개나리푸르지오,70901.4764,025646600, ,20060814,332,35538.3408
10,1168010100,주상복합,계단식,개별난방,위탁관리,분양,서울특별시 강남구 언주로85길 13,164,역삼 주상복합조합,서울특별시 강남구 역삼동 722 역삼경남,경남기업,A13508002,1,025080566,18521.2,0,0,0,164,역삼경남,30232,025080500, ,20020501,164,13661.44
11,1168010100,아파트,계단식,개별난방,위탁관리,분양,서울특별시 강남구 도곡로7길 22,183,금호,서울특별시 강남구 역삼동 835-67 역삼금호어울림,금호산업(주),A13591402,3,025384769,25546.3,129,0,0,54,역삼금호어울림,36419.94,025384766, ,20031202,183,21796.31
12,1168010100,아파트,계단식,중앙난방,위탁관리,분양,서울특별시 강남구 선릉로 423,206,선릉123지여구택조합,서울특별시 강남구 역삼동 716 역삼동부센트레빌,동부건설(주),A13508004,1,025633543,20066.3,0,0,103,103,역삼동부센트레빌,25649,025633440, ,19980421,206,14922.52
13,1168010100,아파트,계단식,지역난방,위탁관리,분양,서울특별시 강남구 선릉로69길 19,1050,영동1재건축조합,서울특별시 강남구 역삼동 757 역삼래미안,삼성물산,A13592706,12,025396699,69465.86,0,0,722,328,역삼래미안,130700.592,025393003, ,20051026,1050,69465.86
14,1168010100,아파트,계단식,지역난방,위탁관리,분양,서울특별시 강남구 역삼로 309,288,삼성물산,서울특별시 강남구 역삼동 713-7 역삼래미안펜타빌,삼성물산,A13508006,5,025554651,42489.858,0,288,0,0,역삼래미안펜타빌,50041.156,025554534, ,20071130,288,42490.3
15,1168010100,주상복합,혼합식,개별난방,위탁관리,분양,서울특별시 강남구 테헤란로4길 46,166,한국자산신탁(주),서울특별시 강남구 역삼동 826-37 역삼쌍용플래티넘밸류,쌍용건설(주),A13508010,3,025558417,27969.512,56,0,0,110,역삼쌍용플래티넘밸류,27969.513,025578416,www.drapt.com,20070119,166,15705.94
16,1168010100,아파트,혼합식,지역난방,위탁관리,분양,서울특별시 강남구 역삼로 307,541,개나리2차저층재건축조합,서울특별시 강남구 역삼동 713-11 역삼아이파크,현대산업개발(주),A13508009,7,0260526912,65294.899,240,123,178,0,역삼아이파크,109796.715,025676910, ,20060928,541,52062.959
17,1168010100,아파트,혼합식,지역난방,위탁관리,혼합,서울특별시 강남구 언주로 420,408,개나리6차아파트주택재건축정비사업조합,서울특별시 강남구 역삼동 711-1 역삼자이아파트,GS건설,A10027474,3,025653655,51177.5074,148,0,104,156,역삼자이아파트,74559.65,025697651, ,20160622,408,36393.78
18,1168010100,아파트,계단식,지역난방,위탁관리,분양,서울특별시 강남구 언주로 332,738,.,서울특별시 강남구 역삼동 754-1 역삼푸르지오,대우건설,A13592604,11,025632218,67654.218,0,0,376,362,역삼푸르지오,99362.945,025632217, ,20060102,738,53253.9962
19,1168010100,아파트,복도식,개별난방,위탁관리,분양,서울특별시 강남구 도곡로3길 26,216,한일합섬,서울특별시 강남구 역삼동 836 역삼한스빌아파트,한일합섬,A13508005,1,025688079,12026.84,0,0,216,0,역삼한스빌아파트,17708.61,025088079, ,19961126,216,8575.59
20,1168010100,주상복합,복도식,개별난방,자치관리,혼합,서울특별시 강남구 논현로 565,160,현대산업개발,서울특별시 강남구 역삼동 606-18 역삼휴먼터치빌,현대산업개발,A13508001,1,025526839,9806.69,0,0,160,0,역삼휴먼터치빌,12415.23,025530050,www.humantouch.co.kr,19990619,160,4784.64
21,1168010100,아파트,계단식,지역난방,위탁관리,혼합,서울특별시 강남구 테헤란로52길 16,411,성보아파트주택재건축정비사업조합,서울특별시 강남구 역삼동 709 테헤란 IPARK,현대산업개발,A13508012,6,025551901,34736.5697,210,0,17,184,테헤란 IPARK,71703.92,025551992, ,20140124,411,34735.58
22,1168010100,주상복합,복도식,개별난방,위탁관리,분양,서울특별시 강남구 언주로86길 11,294,(주)한화건설,서울특별시 강남구 역삼동 706-20 한화진넥스빌,(주)한화건설,A13579504,1,025620797,12193.02,0,0,294,0,한화진넥스빌,26924,025557352, ,20010130,294,12172.02
23,1168010300,아파트,복도식,지역난방,위탁관리,임대,서울특별시 강남구 개포로109길 5,1623,남강개발,서울특별시 강남구 개포동 12 SH공사대치1단지,SH공사,A13593908,8,0234113267,67049.56,0,0,1623,0,SH공사대치1단지,73357,024514000,happy.i-sh.co.kr/main.do?deptid=20167,19911120,1623,46586.33
24,1168010300,아파트,계단식,지역난방,자치관리,분양,서울특별시 강남구 언주로 107,558,현대산업개발(주),서울특별시 강남구 개포동 654 개포2차 현대아파트,현대산업개발(주),A13524006,13,025721431,92376.66,230,216,0,112,개포2차 현대아파트,92836.185,025721441,현대2차.apti.co.kr,19860131,558,75527
25,1168010300,아파트,계단식,지역난방,자치관리,분양,서울특별시 강남구 언주로 110,678,경남건설,서울특별시 강남구 개포동 649 개포경남아파트,경남건설,A13580602,9,025724410,94971.66,387,288,0,3,개포경남아파트,102480,025724400, ,19840308,678,92546.465
26,1168010300,아파트,복도식,지역난방,위탁관리,분양,서울특별시 강남구 개포로109길 9,1753,서울특별시도시개발공사,서울특별시 강남구 개포동 12 개포대치2단지,성원건설.진덕산업주식회사,A13524009,11,024593805,100905.94,0,0,1753,0,개포대치2단지,105381.17,02-451-4533, ,19921014,1753,71852.9
27,1168010300,아파트,계단식,지역난방,위탁관리,분양,서울특별시 강남구 개포로 311,232,개포우성9차모델링조합,서울특별시 강남구 개포동 651-1 개포더샵트리에,포스코,A10023996,2,025763998,31173.5822,232,0,0,0,개포더샵트리에,44951.1774,025763999,thesharp-trieh.hthomeservice.com/#/feeManage?_k=vm58ep,20211201,232,24877.8335
28,1168010300,아파트,혼합식,지역난방,위탁관리,혼합,서울특별시 강남구 개포로 264,2296,개포시영아파트 주택재건축 정비사업조합,서울특별시 강남구 개포동 1282 개포래미안포레스트,삼성물산(주),A10024564,31,0220580891,244894.45,458,33,900,905,개포래미안포레스트,422389.59,0220580890,gpforest.aptner.com,20200928,2296,178215.29
29,1168010300,아파트,혼합식,지역난방,자치관리,분양,서울특별시 강남구 개포로 307,405,우성건설,서울특별시 강남구 개포동 652 개포우성3차,우성건설,A13524004,5,025749094,61064.235,285,120,0,0,개포우성3차,63304.19,025749116, ,19841231,405,53437.05
30,1168010300,아파트,혼합식,지역난방,위탁관리,분양,서울특별시 강남구 개포로 411,261,영동전화국 주택조합,서울특별시 강남구 개포동 179 개포우성8차,우성건설,A13580002,3,0262047421,26745.39,0,0,0,261,개포우성8차,26745.86,025767421, ,19870921,261,20759.85
31,1168010300,아파트,계단식,지역난방,자치관리,분양,서울특별시 강남구 개포로109길 69,212,LG건설,서울특별시 강남구 개포동 12-2 개포자이아파트,박연정,A13593901,4,024454722,38614.46,84,128,0,0,개포자이아파트,60358.78,024454721,test,20040617,212,32275.48
32,1168010300,혼합식,지역난방,위탁관리,혼합,서울특별시 강남구 삼성로 14,3375,개포주공4단지주택재건축조합,서울특별시 강남구 개포동 0 개포자이프레지던스,GS건설,A10023348,35, ,347743.76,2040,267,168,900,개포자이프레지던스,641456.8,0269568728, ,20230228,3375,347743.76,
33,1168010300,아파트,복도식,지역난방,위탁관리,분양,서울특별시 강남구 삼성로4길 17,940,대우건설,서울특별시 강남구 개포동 187 개포주공5단지,대한주택공사,A13599402,6,024456219,65959.9,0,0,190,750,개포주공5단지,93810,024458879, ,19831026,940,65959.9
34,1168010300,아파트,혼합식,지역난방,위탁관리,분양,서울특별시 강남구 개포로 516,1060,대한주택공사,서울특별시 강남구 개포동 185 개포주공6단지,현대건설(주),A13599303,9,024458906,94577.76,0,0,220,840,개포주공6단지,94816.956,024458907, ,19831026,1060,73333.1
35,1168010300,아파트,복도식,지역난방,자치관리,분양,서울특별시 강남구 개포로 516,900,주택공사,서울특별시 강남구 개포동 185 개포주공7단지,주택공사,A13599301,8,0262538909,86391,0,0,180,720,개포주공7단지,86506.7,024458909, ,19831026,900,62938.8
36,1168010300,아파트,계단식,지역난방,자치관리,분양,서울특별시 강남구 개포로 303,416,현대,서울특별시 강남구 개포동 653 개포현대1차,현대산업개발(주),A13524005,6,025745666,68330.5688,208,208,0,0,개포현대1차,68692,025735666,개포현대1차.apti.co.kr/,19840420,416,60962.54
37,1168010300,아파트,계단식,지역난방,위탁관리,분양,서울특별시 강남구 개포로 409,198,현대건설(주),서울특별시 강남구 개포동 177 개포현대3차,현대건설(주),A13580001,5,0262485996,27194.5116,36,108,0,54,개포현대3차,33306.442,025725995, ,19860331,198,27029.16
38,1168010300,아파트,복도식,지역난방,위탁관리,분양,서울특별시 강남구 개포로109길 21,822,도시개발공사,서울특별시 강남구 개포동 12 대청,삼익건설,A13594007,6,0222262317,56825,0,0,822,0,대청,56825.18,024514535, ,19921014,822,40402.1
39,1168010300,아파트,혼합식,지역난방,위탁관리,혼합,서울특별시 강남구 삼성로 11,1320,개포주공3단지주택재건축정비사업조합,서울특별시 강남구 개포동 138 디에이치 아너힐즈,현대건설,A10025203,23,025723341,142115.8804,261,4,426,629,디에이치 아너힐즈,233596.9831,025723340, ,20190829,1320,104224.24
40,1168010300,아파트,계단식,지역난방,위탁관리,혼합,서울특별시 강남구 선릉로 8,1957,개포주공2단지주택재건축정비사업조합,서울특별시 강남구 개포동 1280 래미안블레스티지,삼성물산,A10025675,23,0220581972,215906.782,511,5,661,780,래미안블레스티지,362894.618,0220581970,rmabt1957.com,20190226,1957,160922.329
41,1168010400,아파트,혼합식,지역난방,위탁관리,분양,서울특별시 강남구 도산대로96길 39,391,삼성물산,서울특별시 강남구 청담동 60 삼성청담공원,삼성물산,A13510103,8,025174159,45778.8716,230,0,75,86,삼성청담공원,64721.1,025174158,scdp.co.kr,19990830,391,36461.91
42,1168010400,아파트,계단식,지역난방,위탁관리,분양,서울특별시 강남구 선릉로 748,214,1,서울특별시 강남구 청담동 23 청담2차현대아파트,현대산업개발,A13510202,2,025459105,18190,0,0,0,214,청담2차현대아파트,23748,025459105, ,19880530,214,18150.88
43,1168010400,아파트,계단식,개별난방,위탁관리,분양,서울특별시 강남구 도산대로89길 49,240,청강연합주택조합,서울특별시 강남구 청담동 108 청담건영아파트,건영종합건설(주),A13576201,2,025402196,30505.776,0,0,0,240,청담건영아파트,30508.553,025462865, ,19940905,240,20302.805
44,1168010400,아파트,계단식,개별난방,위탁관리,분양,서울특별시 강남구 학동로77길 27,271,에코프렌드,서울특별시 강남구 청담동 30-33 청담대림,대림산업,A13510006,4,0262039618,33443.99,119,0,0,152,청담대림,44037.57,0234426975, ,20021230,271,27079.83
45,1168010400,아파트,계단식,지역난방,위탁관리,분양,서울특별시 강남구 도산대로92길 10,196,(주)대우건설,서울특별시 강남구 청담동 50-5 청담대우유로카운티,(주)대우건설,A13510003,4,025111228,28533.48,155,40,0,1,청담대우유로카운티,41998.28,025111220,청담대우유로카운티.apti.co.kr,20040422,196,24252.34
46,1168010400,아파트,혼합식,개별난방,위탁관리,분양,서울특별시 강남구 학동로 405,217,삼성물산(주),서울특별시 강남구 청담동 42 청담래미안,삼성물산(주),A13510203,2,025163892,26625.44,108,0,51,58,청담래미안,36812.13,025163891, ,19991029,217,20645.75
47,1168010400,아파트,계단식,개별난방,위탁관리,분양,서울특별시 강남구 영동대로142길 16,177,청담두산리모델링조합,서울특별시 강남구 청담동 134 청담래미안로이뷰,삼성물산,A13510009,1,0234468782,23990.0844,177,0,0,0,청담래미안로이뷰,36357.65,0234468781, ,19920131,177,19505.4
48,1168010400,아파트,혼합식,개별난방,위탁관리,분양,서울특별시 강남구 삼성로133길 20,158,삼성물산,서울특별시 강남구 청담동 33 청담삼성1차,삼성건설,A13510001,1,0234464481,15138.6,0,0,70,88,청담삼성1차,20893.97,0234464486,청담삼성1차.apti.co.kr,19971219,158,11594.76
49,1168010400,아파트,혼합식,지역난방,위탁관리,분양,서울특별시 강남구 학동로 513,630,타임종합기술,서울특별시 강남구 청담동 65 청담삼성진흥,진흥기업(주),A13510005,7,0262577887,95504.127,242,386,0,2,청담삼성진흥,97041.06,025177887, ,19840718,630,92599.23
50,1168010400,아파트,혼합식,지역난방,위탁관리,분양,서울특별시 강남구 학동로77길 49,184,동일건축,서울특별시 강남구 청담동 10 청담삼환,삼환기업(주),A13510201,1, ,19384.65,46,0,56,82,청담삼환,23782,025173047, ,19991130,184,14942.72
51,1168010400,아파트,계단식,지역난방,위탁관리,혼합,서울특별시 강남구 영동대로138길 12,708,청담 한양아파트 주택재건축사업조합,서울특별시 강남구 청담동 134-38 청담자이,GS건설,A13510007,5,025147024,63867.7796,204,0,388,116,청담자이,102809.376,025147022,WWW.청담자이.APTi.CO.KR,20111021,708,47130.198
52,1168010400,아파트,혼합식,지역난방,위탁관리,분양,서울특별시 강남구 도산대로101길 29,317,현대건설(주),서울특별시 강남구 청담동 127-31 청담현대3차,현대건설(주),A13510102,4,0234422827,37368.954,140,0,101,76,청담현대3차,52229.79,0234422826, ,19990619,317,27849.15
53,1168010400,주상복합,계단식,개별난방,자치관리(직영),혼합,서울특별시 강남구 도산대로 454,191,휴먼터치,서울특별시 강남구 청담동 5-25 청담휴먼스타빌,휴먼터치,A13510002,1,025408870,17308.25,0,6,181,4,청담휴먼스타빌,17557.56,025560070, ,20051021,191,8044.17
54,1168010500,아파트,계단식,지역난방,위탁관리,혼합,서울특별시 강남구 삼성로 651,679,상아아파트2차 주택재건축정비사업조합,서울특별시 강남구 삼성동 19-4 래미안 라클래시,삼성물산,A10024131,7,025183319,74657.7,112,31,164,372,래미안 라클래시,124879.52,025183318, ,20210917,679,55529.9
55,1168010500,아파트,계단식,지역난방,위탁관리,혼합,서울특별시 강남구 삼성로 629,416,상아3차아파트주택재건축정비사업조합,서울특별시 강남구 삼성동 188 삼성동센트럴아이파크,현대산업개발,A10026350,4,025415953,46756.9,75,22,115,204,삼성동센트럴아이파크,74101.64,025415951, ,20180330,416,34877.17
56,1168010500,아파트,계단식,지역난방,위탁관리,분양,서울특별시 강남구 학동로68길 30,298,중앙건설,서울특별시 강남구 삼성동 14-1 삼성동중앙하이츠빌리지,중앙건설,A13550701,5,025111846,42856.189,0,148,60,90,삼성동중앙하이츠빌리지,63733,025111845, ,20041229,298,33866.26
57,1168010500,아파트,혼합식,지역난방,위탁관리,분양,서울특별시 강남구 삼성로111길 8,926,조합,서울특별시 강남구 삼성동 50 삼성동힐스테이트2단지,현대건설,A13570501,12,025111386,91411.34,0,0,186,740,삼성동힐스테이트2단지,147738.618,025111385, ,20081210,926,69975.804
58,1168010500,아파트,계단식,지역난방,위탁관리,분양,서울특별시 강남구 선릉로130길 20,275,삼성,서울특별시 강남구 삼성동 7-3 삼성래미안2차,삼성,A13509005,8,025455613,40608.05,196,33,0,46,삼성래미안2차,63606.8,025455512, ,20070525,275,31921.68
59,1168010500,아파트,혼합식,지역난방,위탁관리,분양,서울특별시 강남구 학동로 432,339,롯데건설,서울특별시 강남구 삼성동 17 삼성롯데,롯데건설,A13509007,3,0234434411,37643.45,156,0,99,84,삼성롯데,52550.67,0234430091, ,20000415,339,27299.4
60,1168010500,아파트,계단식,지역난방,위탁관리,분양,서울특별시 강남구 선릉로126길 22,713,해청재건축조합,서울특별시 강남구 삼성동 11 삼성롯데캐슬프레미어,롯데건설,A13509010,11,025117649,101722.3136,415,140,0,158,삼성롯데캐슬프레미어,148987.875,025117208, ,20070326,713,86523.037
61,1168010500,아파트,계단식,개별난방,위탁관리,분양,서울특별시 강남구 선릉로130길 19,304,삼성동 지역 주택조합 아파트,서울특별시 강남구 삼성동 2 삼성서광,(주)서광건설 산업,A13509006,2,025114830,28528.9172,0,0,152,152,삼성서광,36837.175,025114838, ,19981106,304,21910.35
62,1168010500,아파트,계단식,개별난방,위탁관리,분양,서울특별시 강남구 영동대로128길 5,167,청구,서울특별시 강남구 삼성동 78-4 삼성청구타운,청구,A13509101,3,025164338,19322.3175,0,0,0,167,삼성청구타운,20121.29,025164338, ,19900818,167,14193.33
63,1168010500,아파트,혼합식,개별난방,위탁관리,분양,서울특별시 강남구 영동대로112길 15,252,풍림건설,서울특별시 강남구 삼성동 106 삼성풍림아파트1차,풍림건설,A13509003,1,0234430299,25898.84,54,0,123,75,삼성풍림아파트1차,25898.85,0234432987, ,19980727,252,19766.28
64,1168010500,아파트,복도식,개별난방,위탁관리,분양,서울특별시 강남구 학동로64길 7,263,한솔건설,서울특별시 강남구 삼성동 4-6 삼성한솔,한솔건설,A13509004,2,025166786,27988.83,60,0,114,89,삼성한솔,38063.5,025166752, ,19981116,263,20736.68
65,1168010500,아파트,혼합식,개별난방,위탁관리,분양,서울특별시 강남구 학동로64길 14,198,동남아재건축조합,서울특별시 강남구 삼성동 6 삼성현대,현대산업개발,A13509001,1,0234434168,21300.75,49,0,89,60,삼성현대,28438.47,0234434167, ,19990416,198,15854.423
66,1168010500,아파트,계단식,지역난방,위탁관리,분양,서울특별시 강남구 학동로68길 29,1144,영동차관아파트재건축정비사업조합,서울특별시 강남구 삼성동 16-2 삼성힐스테이트1단지,현대건설(주),A13509012,17,025410130,116666.368,170,0,230,744,삼성힐스테이트1단지,178491,025410128,cafe.daum.net/ssdh1,20081210,1144,89308.086
67,1168010500,주상복합,복도식,개별난방,자치관리,분양,서울특별시 강남구 테헤란로63길 12,293,(주)규형디앤씨,서울특별시 강남구 삼성동 142-3 선릉에클라트,LG건설,A13587603,1,0234521758,11153.55,0,0,293,0,선릉에클라트,45274.22,0234529958, ,20040622,293,11153.55
68,1168010500,아파트,계단식,지역난방,위탁관리,분양,서울특별시 강남구 영동대로 640,449,현대산업개발,서울특별시 강남구 삼성동 87 아이파크삼성동,현대산업개발,A13509009,3,0234439353,94247.26,0,449,0,0,아이파크삼성동,144635.69,0234439351, ,20040318,449,75409.255
69,1168010600,아파트,계단식,중앙난방,위탁관리,분양,서울특별시 강남구 선릉로 120,1140,우성건설,서울특별시 강남구 대치동 500 개포1차2차우성,우성건설,A13528105,14,025560131,163240.2,600,210,0,330,개포1차2차우성,174159.461,025564554,www.개포1-2차우성.net/,19831217,1140,139828.2
70,1168010600,아파트,계단식,지역난방,위탁관리,분양,서울특별시 강남구 삼성로51길 25,239,대치국제아파트주택재건축정비사업조합,서울특별시 강남구 대치동 1029 대치SK VIEW,에스케이건설(주),A10026924,4,025674244,28926.1817,131,0,4,104,대치SK VIEW,49011.5965,025674243, ,20170620,239,22079.96
71,1168010600,주상복합,복도식,개별난방,위탁관리,분양,서울특별시 강남구 선릉로90길 56,210,"맘모스산업개발,k2Enc",서울특별시 강남구 대치동 891-23 대치대우아이빌4차,대우건설,A13528001,1,025658702,9534.3,0,0,210,0,대치대우아이빌4차,25696.74,025658701, ,20040223,210,7303.65
72,1168010600,아파트,계단식,지역난방,위탁관리,분양,서울특별시 강남구 선릉로 206,805,대치주공고층아파트재건축조합,서울특별시 강남구 대치동 670 대치동부센트레빌,동부건설,A13528103,7,025673199,142942.41,198,607,0,0,대치동부센트레빌,212324.71,025672232, ,20050128,805,116079.77
73,1168010600,아파트,계단식,개별난방,위탁관리,혼합,서울특별시 강남구 도곡로93길 23,273,대치제2지구재건축조합,서울특별시 강남구 대치동 977 대치르엘,롯데건설,A10024102,6,025640978,26270.5984,2,0,107,164,대치르엘,46659,025640977, ,20210917,273,19740.9
74,1168010600,아파트,혼합식,지역난방,자치관리,분양,서울특별시 강남구 삼성로 150,2436,한보주택(주),서울특별시 강남구 대치동 511 대치미도맨션,한보주택(주),A13528004,21,025522843,362365.08,1344,476,0,616,대치미도맨션,362381,025572954,www.대치미도.com,19831128,2436,300674.92
75,1168010600,아파트,혼합식,지역난방,위탁관리,분양,서울특별시 강남구 도곡로78길 22,960,삼성물산,서울특별시 강남구 대치동 1014-3 대치삼성,삼성물산,A13528003,14,0234532534,83158.74,519,0,249,192,대치삼성,142506.5,025690020,대치삼성.apti.co.kr,20000731,960,83135.34
76,1168010600,아파트,계단식,중앙난방,위탁관리,분양,서울특별시 강남구 삼성로 151,1034,선경건설,서울특별시 강남구 대치동 506 대치선경,선경건설,A13583604,12,025576716,148926,348,426,0,260,대치선경,148926.29,025526717,dcskapt.com,19831212,1034,127404.64
77,1168010600,아파트,계단식,지역난방,위탁관리,분양,서울특별시 강남구 영동대로 220,364,쌍용건설,서울특별시 강남구 대치동 65 대치쌍용2차,쌍용건설,A13583402,4,0262418636,47180,224,0,0,140,대치쌍용2차,47180,025569768, ,19831130,364,38878.84
78,1168010600,아파트,계단식,지역난방,위탁관리,분양,서울특별시 강남구 선릉로 222,768,대치도곡제2아파트재건축조합,서울특별시 강남구 대치동 888 대치아이파크,현대산업개발,A13528102,11,025394114,99275.76,236,144,150,238,대치아이파크,147441.71,025636969, ,20080603,768,78559.1
79,1168010600,아파트,계단식,지역난방,위탁관리,분양,서울특별시 강남구 영동대로 230,476,(주)우성건설,서울특별시 강남구 대치동 63 대치우성1차아파트,(주)우성건설,A13583403,6,025655560,57097.18,252,0,0,224,대치우성1차아파트,57097.18,025567244, ,19840127,476,48099.24
80,1168010600,아파트,계단식,지역난방,위탁관리,분양,서울특별시 강남구 삼성로 417,276,동아1차재건축조합,서울특별시 강남구 대치동 902 대치포스코더샵,포스코건설,A13584101,4,0234523764,51829.2,0,276,0,0,대치포스코더샵,72318.86,025662220,대치포스코더샵.apti.co.kr,20040930,276,41857.92
81,1168010600,아파트,혼합식,지역난방,위탁관리,분양,서울특별시 강남구 삼성로64길 5,630,신해청재건축조합,서울특별시 강남구 대치동 974 대치현대,현대건설(주),A13583701,8,025688620,67051.7247,141,0,286,203,대치현대,91401.353,025399077,대치현대.apti.co.kr,19990614,630,49312.64
82,1168010600,아파트,계단식,지역난방,위탁관리,혼합,서울특별시 강남구 삼성로57길 37-3,1608,청실아파트 재건축조합,서울특별시 강남구 대치동 633 래미안 대치 팰리스,삼성물산,A10027800,17,025583303,203390.99,1011,96,54,447,래미안 대치 팰리스,350168.37,025673303,www.palaceapt.co.kr,20150922,1608,154173.87
83,1168010600,아파트,계단식,지역난방,위탁관리,분양,서울특별시 강남구 도곡로93길 12,357,우성2차리모델링주택조합,서울특별시 강남구 대치동 985 래미안대치하이스턴,삼성물산주식회사,A13528007,5,025012373,50474.84,354,0,0,0,래미안대치하이스턴,69009.08,025012372, ,19891206,354,39078.06
84,1168010600,아파트,계단식,지역난방,위탁관리,분양,서울특별시 강남구 영동대로 210,630,쌍용건설,서울특별시 강남구 대치동 66 쌍용대치1차,쌍용건설,A13583404,5,025620420,86082.54,240,120,0,270,쌍용대치1차,86082.54,025627908, ,19830307,630,71144.4
85,1168010600,아파트,복도식,지역난방,위탁관리,분양,서울특별시 강남구 삼성로 212,4424,한보,서울특별시 강남구 대치동 316 은마,한보,A13583507,28,025613140,470731.52,0,0,0,4424,은마,504698,025677608, ,19790830,4424,353088.96
86,1168010600,주상복합,복도식,개별난방,위탁관리,분양,서울특별시 강남구 테헤란로 428,372,프리즘(주),서울특별시 강남구 대치동 891-6 테헤란로대우아이빌,대우건설,A13528005,1,025626737,19812.05,0,0,344,28,테헤란로대우아이빌,24850.46,025626736, ,20040429,372,15149.25
87,1168010800,아파트,복도식,개별난방,위탁관리,임대,서울특별시 강남구 논현로 661,249,기린건축,서울특별시 강남구 논현동 130-9 논현 기린힐스,대림건설,A10024501,1,025124631,14888.25,0,0,249,0,논현 기린힐스,18561.23,025124632, ,20201030,249,4600.56
88,1168010800,아파트,계단식,개별난방,위탁관리,분양,서울특별시 강남구 언주로116길 6,160,양지아파트재건축조합,서울특별시 강남구 논현동 275 논현동부센트레빌,동부건설,A13583301,4,025426835,19496.8,84,0,0,76,논현동부센트레빌,30443,0262416935, ,20031224,160,15710.4068
89,1168010800,아파트,계단식,지역난방,자치관리,분양,서울특별시 강남구 언주로146길 18,549,동산토건(주),서울특별시 강남구 논현동 105 논현동현,동산토건(주),A13582002,6,025455703,68130.403,120,48,0,380,논현동현,69395.8,025455187, ,19850803,548,53853.76
90,1168010800,아파트,혼합식,개별난방,위탁관리,분양,서울특별시 강남구 강남대로146길 28,644,논현동공무원아파트재건축조합,서울특별시 강남구 논현동 22 논현신동아,신동아건설,A13501004,6,025147874,58768.2682,152,0,273,219,논현신동아,58816.99,025147861, ,19970704,644,45646.06
91,1168010800,아파트,계단식,개별난방,위탁관리,분양,서울특별시 강남구 언주로130길 30,203,동양고속건설주식회사,서울특별시 강남구 논현동 245 동양파라곤,동양고속건설주식회사,A13501001,4,025402527,42833.0521,0,203,0,0,동양파라곤,70291.12,025402528, ,20040602,203,35547.31
92,1168010800,주상복합,복도식,개별난방,자치관리,임대,서울특별시 강남구 학동로4길 15,236,동화상가(주),서울특별시 강남구 논현동 122-8 동화히스토리,한신공영개발(주),A13572601,1,025459613,6750.76,0,0,236,0,동화히스토리,21747.54,025459612, ,20120817,236,6738.76
93,1168010800,주상복합,복도식,개별난방,위탁관리,분양,서울특별시 강남구 학동로 165,260,대우건설,서울특별시 강남구 논현동 58-2 마일스디오빌,대우건설,A13501002,1,025456531,12033.06,0,0,260,0,마일스디오빌,21243.52,025456564, ,20041126,260,9435.4
94,1168010800,아파트,타워형,지역난방,위탁관리,혼합,서울특별시 강남구 언주로 604,368,경복아파트주택재건축정비사업조합,서울특별시 강남구 논현동 276 아크로힐스논현,대림산업(주),A13501006,4,025119584,33208,112,0,34,222,아크로힐스논현,74812,025119585, ,20141208,368,33279.96
95,1168011000,아파트,혼합식,지역난방,자치관리,분양,서울특별시 강남구 압구정로29길 69,766,현대산업개발,"서울특별시 강남구 압구정동 436 압구정 현대(10,13,14차)",현대산업개발,A13511101,10,025126166,87591.74,329,48,0,389,"압구정 현대(10,13,14차)",89277.75,025420977, ,19820614,766,75674.87
96,1168011000,아파트,혼합식,지역난방,자치관리,분양,서울특별시 강남구 압구정로11길 17,322,라이프,서울특별시 강남구 압구정동 414 압구정미성1차,라이프주택,A13511001,3,025412814,72316.0928,125,196,0,1,압구정미성1차,72316.0928,025435719, ,19821118,322,45701.92
97,1168011000,아파트,혼합식,지역난방,자치관리,분양,서울특별시 강남구 압구정로 113,911,라이프주택,서울특별시 강남구 압구정동 397 압구정미성2차,라이프주택,A13511003,9,025468277,128756.56,180,272,0,459,압구정미성2차,131841,025426530, ,19871205,911,93827.8
98,1168011000,아파트,혼합식,지역난방,위탁관리,분양,서울특별시 강남구 압구정로 151,1924,한국도시개발공사(주),서울특별시 강남구 압구정동 426 압구정신현대,한국도시개발공사(주),A13511004,27,025122558,296924.505,871,1052,0,1,압구정신현대,296924.505,025426028,apgush.apti.co.kr,19820525,1924,274638.36
99,1168011000,아파트,혼합식,지역난방,자치관리,분양,서울특별시 강남구 압구정로 401,582,한양주택,서울특별시 강남구 압구정동 513 압구정한양3단지,한양주택,A13590602,6,025498972,74751.26,428,150,0,4,압구정한양3단지,75261.9425,025437937,압구정한양3단지.apti.co.kr,19791113,582,67910.91
100,1168011000,아파트,복도식,지역난방,자치관리,분양,서울특별시 강남구 압구정로 347,1232,(주)한양주택,서울특별시 강남구 압구정동 490 압구정한양아파트제1단지,(주)한양주택,A13551103,15,025437730,141996.6835,145,295,194,598,압구정한양아파트제1단지,141997.3332,025437789,apguhanyang1.apti.co.kr,19771226,1232,113249.01
101,1168011000,아파트,혼합식,지역난방,자치관리,분양,서울특별시 강남구 압구정로 313,825,한양주택,서울특별시 강남구 압구정동 484 압구정한양아파트제2단지,(주)한양주택,A13590204,11,025428116,119739.68,544,280,0,1,압구정한양아파트제2단지,120877,025428001, ,19781130,825,109087.55
102,1168011000,아파트,혼합식,지역난방,자치관리(직영),분양,서울특별시 강남구 압구정로 309,515,현대건설,서울특별시 강남구 압구정동 481 압구정현대8차,도시개발,A13511201,5,025433358,69061,371,144,0,0,압구정현대8차,69926,025435723, ,19800915,515,64018.88
103,1168011000,아파트,혼합식,지역난방,자치관리,분양,서울특별시 강남구 압구정로29길 71,3130,현대건설 현대산업개발,서울특별시 강남구 압구정동 369-1 압구정현대아파트,현대건설,A13589802,41,025142307,516492,387,2087,0,656,압구정현대아파트,516492,025142301,www.hyundaiapt.org,19760607,3130,456872.42
104,1168011100,아파트,계단식,개별난방,위탁관리,혼합,서울특별시 강남구 헌릉로590길 63,546,SH공사,서울특별시 강남구 세곡동 525 강남데시앙파크,태영건설,A13519005,15,024517088,67647.83,259,0,44,243,강남데시앙파크,101633.27,024517070, ,20111101,546,52989.42
105,1168011100,아파트,혼합식,개별난방,위탁관리,혼합,서울특별시 강남구 헌릉로590길 100,395,sh공사,서울특별시 강남구 세곡동 508 강남신동아파밀리에1단지,신동아,A13519001,6,024459442,29694.53,0,0,395,0,강남신동아파밀리에1단지,46317.87,024459441,세곡리엔파크1단지.apti.co.kr/,20110223,395,20412
106,1168011100,아파트,혼합식,개별난방,위탁관리,혼합,서울특별시 강남구 헌릉로590길 10,410,sh 공사,서울특별시 강남구 세곡동 511 강남신동아파밀리에2단지,신동아건설,A13519002,7,024459444,36348.08,0,0,275,135,강남신동아파밀리에2단지,55232.67,024459443,강남신동아파밀리에2단지.apti.co.kr,20110223,410,26460.84
107,1168011100,아파트,계단식,지역난방,위탁관리,분양,서울특별시 강남구 헌릉로571길 20,809,한국토지주택공사,서울특별시 강남구 세곡동 579 강남엘에이치1단지,고려개발(주),A13519007,12,0234119246,116860.0586,0,0,324,485,강남엘에이치1단지,117074.61,0234119245, ,20130612,809,58940.61
108,1168011100,연립주택,계단식,지역난방,위탁관리,분양,서울특별시 강남구 자곡로7길 36-1,199,(주)대륜테라스빌피에프브이,서울특별시 강남구 세곡동 541 강남효성해링턴코트,555071,A10027558,11,0222263001,26144.04,199,0,0,0,강남효성해링턴코트,43221.93,0222262001,gnhhc.ezville.net/,20160428,199,21314.66
109,1168011100,아파트,혼합식,개별난방,위탁관리,혼합,서울특별시 강남구 헌릉로590길 11,363,서울시 SH공사,서울특별시 강남구 세곡동 516 세곡리엔파크3단지,신동아건설,A13519003,7,024459446,32881.72,0,0,247,116,세곡리엔파크3단지,51339,024459445, ,20110223,363,23604.61
110,1168011100,아파트,혼합식,개별난방,위탁관리,임대,서울특별시 강남구 헌릉로590길 88,407,SH공사,서울특별시 강남구 세곡동 522 세곡리엔파크4단지,태영건설,A13519004,8,024450225,33927.84,0,0,323,84,세곡리엔파크4단지,52087.24,024450227, ,20110616,407,24150.7
111,1168011100,아파트,계단식,지역난방,위탁관리,분양,서울특별시 강남구 자곡로 21,912,LH강남지역본부,서울특별시 강남구 세곡동 533 세곡푸르지오,"대우건설,대림산업,태영건설",A13519006,16,0234123035,132902.0399,0,0,167,745,세곡푸르지오,133346.09,0262044000,https://sgprugio.aptner.com/,20120831,912,70586.11
112,1168011200,아파트,복도식,지역난방,위탁관리,임대,서울특별시 강남구 자곡로3길 22,1065,한국토지주택공사,서울특별시 강남구 자곡동 621 LH강남3단지,(주)풍림,A13519008,15,024592772,85561.28,0,0,1065,0,LH강남3단지,85564.64,024598700,LH강남3단지.apti.co.kr,20131113,1065,39909.55
113,1168011200,아파트,복도식,지역난방,위탁관리,분양,서울특별시 강남구 자곡로3길 21,1339,한국토지공사,서울특별시 강남구 자곡동 619 LH강남힐스테이트아파트,현대건설,A10027985,5,0234124300,179378.8045,0,0,789,550,LH강남힐스테이트아파트,179903.97,0234125678, ,20150602,1339,87224.21
114,1168011200,아파트,계단식,지역난방,위탁관리,분양,서울특별시 강남구 자곡로3길 45,402,한국토지주택공사,서울특별시 강남구 자곡동 618 강남브리즈힐,"현대아산(주), 신성건설(주) 등",A13520004,13,024518288,65634.55,0,0,0,402,강남브리즈힐,65634.55,024453062, ,20141030,402,31764.07
115,1168011200,아파트,계단식,지역난방,위탁관리,혼합,서울특별시 강남구 자곡로 175,716,계룡건설산업(주),서울특별시 강남구 자곡동 602 강남자곡아이파크,한국토지주택공사,A10028172,10,024591132,102814.1439,0,0,195,521,강남자곡아이파크,102988.17,024591131, ,20141002,716,52663.06
116,1168011200,아파트,혼합식,개별난방,위탁관리,혼합,서울특별시 강남구 자곡로 260,1304,SH공사,서울특별시 강남구 자곡동 77 강남한양수자인,한양수자인,A13520002,26,0234125053,136339.3,332,0,625,347,강남한양수자인,201793.05,0234125051, ,20140314,1304,100993.18
117,1168011200,아파트,계단식,지역난방,위탁관리,분양,서울특별시 강남구 자곡로 101,1020,삼성물산,서울특별시 강남구 자곡동 611 래미안강남힐즈,삼성물산,A13520003,20,0234140402,191300.24,1020,0,0,0,래미안강남힐즈,191300.39,0234140400,래미안강남힐즈.apti.co.kr,20140627,1020,99130.59
118,1168011200,아파트,혼합식,개별난방,위탁관리,혼합,서울특별시 강남구 밤고개로21길 25,1070,sh공사,서울특별시 강남구 자곡동 361 래미안포레,삼성물산,A13520001,15,0234142203,101019.57,50,0,714,306,래미안포레,145322.63,0234142201, ,20140313,1070,71731.72
119,1168011300,아파트,혼합식,개별난방,위탁관리,혼합,서울특별시 강남구 밤고개로26길 50,378,SH공사,서울특별시 강남구 율현동 336 강남한신휴플러스 6단지,한신공영,A10027912,12,024459503,48213.76,0,0,326,52,강남한신휴플러스 6단지,48362.56,024459501, ,20150923,378,22371.46
120,1168011300,아파트,계단식,개별난방,위탁관리,혼합,서울특별시 강남구 밤고개로27길 20,169,에스에치공사,서울특별시 강남구 율현동 217 강남한신휴플러스 8단지,한신공영,A10027909,11,024459833,29219.11,55,0,108,6,강남한신휴플러스 8단지,29219.11,024459831, ,20150923,169,12839.06
121,1168011400,아파트,계단식,지역난방,자치관리,분양,서울특별시 강남구 개포로110길 15,802,(주)우성,서울특별시 강남구 일원동 615 개포7차우성,(주)우성,A13594403,15,024455095,82873.22,0,0,0,802,개포7차우성,88378.005,0234110831, ,19871211,802,65464.28
122,1168011400,혼합식,개별난방,위탁관리,임대,서울특별시 강남구 영동대로 16,1837,공무원연금공단,서울특별시 강남구 일원동 688 개포상록스타힐스,서희건설,A10023547,12,024518826,128015.1918,0,0,1703,0,개포상록스타힐스,184881.29,024518825, ,20221031,1703,89672.121,
123,1168011400,아파트,복도식,지역난방,자치관리,분양,서울특별시 강남구 개포로110길 43,364,한신공영,서울특별시 강남구 일원동 615-1 개포한신,한신공영,A13594402,4,0234116067,38677.782,230,0,0,134,개포한신,42314.66,0234110067, ,19840310,364,35785
124,1168011400,아파트,계단식,지역난방,위탁관리,혼합,서울특별시 강남구 영동대로 22,1996,현대건설개포컨소시엄,서울특별시 강남구 일원동 611-1 디에이치 자이 개포,"현대건설, 현대엔지니어링, GS건설",A10024216,15,024451969,212457.22,486,6,306,1198,디에이치 자이 개포,364700.14,024451996, ,20210730,1996,164320.28
125,1168011400,계단식,지역난방,위탁관리,혼합,서울특별시 강남구 개포로110길 38,184,일원동 대우정비사업주택조합,서울특별시 강남구 일원동 690-1 디에이치포레센트아파트,현대건설,A10024258,4,024456902,21234.69,65,0,39,80,디에이치포레센트아파트,37045.21,024456901, ,20210122,184,16618.61,
126,1168011400,아파트,계단식,지역난방,위탁관리,혼합,서울특별시 강남구 개포로110길 50,850,현대아파트 재건축 조합,서울특별시 강남구 일원동 690-2 래미안개포루체하임,삼성물산,A10025823,12,024512288,96467.02,239,6,210,395,래미안개포루체하임,154730,024511188,rmagp.aptner.com,20181121,850,71672.53
127,1168011400,아파트,계단식,지역난방,위탁관리,분양,서울특별시 강남구 광평로10길 15,740,"남광토건, 대우",서울특별시 강남구 일원동 734 상록수아파트,"남광, 대우",A13594702,22,0234121799,70616.3,0,0,0,740,상록수아파트,82830,024517343,k-apt.co.kr,19930327,740,57866.2
128,1168011400,아파트,복도식,지역난방,위탁관리,임대,서울특별시 강남구 양재대로55길 10,2214,SH공사,서울특별시 강남구 일원동 711 수서1-1단지아파트,(주)신한외 8개업체,A13593802,14,0234114193,112739.448,0,0,2214,0,수서1-1단지아파트,170988.99,024515266,happy.i-sh.co.kr/main.do?deptid=20168,19921126,2214,77697.18
129,1168011400,아파트,계단식,지역난방,위탁관리,분양,서울특별시 강남구 일원로 127,496,..,서울특별시 강남구 일원동 735 수서가람,동원건설(248세대)/두산건설(248세대),A13523003,13,024519951,48751.92,0,0,0,496,수서가람,53188.4,024519952, ,19930309,496,40216.36
130,1168011400,아파트,혼합식,지역난방,위탁관리,분양,서울특별시 강남구 양재대로55길 12,720,서울시도시개발공사,서울특별시 강남구 일원동 711 일원동 수서아파트,신한건설,A13593801,7,024512457,52363.32,0,0,720,0,일원동 수서아파트,52885,024512460,suseoapt.kr,19921126,720,36235.08
131,1168011400,아파트,계단식,지역난방,위탁관리,분양,서울특별시 강남구 광평로19길 15,650,진로.금호,서울특별시 강남구 일원동 716 일원목련타운,금호.진로,A13523005,8,0234113485,91266.55,650,0,0,0,일원목련타운,91291.344,024590318, ,19930925,650,75339.5
132,1168011400,아파트,계단식,지역난방,자치관리,분양,서울특별시 강남구 일원로 120,628,"극동건설,현대건설",서울특별시 강남구 일원동 718 일원샘터마을,극동건설/현대건설,A13523004,9,0234123411,73768.362,613,15,0,0,일원샘터마을,87501.767,0234110807, ,19940214,628,73765.394
133,1168011400,연립주택,복도식,지역난방,위탁관리,분양,서울특별시 강남구 광평로10길 50,291,태신개발(주),서울특별시 강남구 일원동 739 일원청솔빌리지,태신개발(주),A13523001,13,0262431138,23509.599,0,0,291,0,일원청솔빌리지,29286.36,0222261138, ,19931213,291,17387.25
134,1168011400,아파트,혼합식,지역난방,위탁관리,분양,서울특별시 강남구 일원로14길 25,930,"삼성종합건설(주),삼호건설",서울특별시 강남구 일원동 719 푸른마을아파트,"삼성종합건설(주), (주)삼호건설",A13594203,11,0234113737,87391.27,0,0,466,464,푸른마을아파트,97434,0222262572, ,19940127,930,67255.68
135,1168011400,아파트,계단식,지역난방,자치관리,분양,서울특별시 강남구 광평로10길 6,570,"건영종합건설, 삼익주택,라이프주택",서울특별시 강남구 일원동 731 한솔마을,"(주)건영,삼익주택,라이프주택",A13594701,19,0222261420,54685.9,0,0,0,570,한솔마을,66076,024514250, ,19940603,570,45360.3
136,1168011500,아파트,계단식,지역난방,위탁관리,분양,서울특별시 강남구 광평로34길 35,400,한국자산신탁,서울특별시 강남구 수서동 537 강남더샵포레스트,포스코건설,A10027446,10,024510098,68291.6468,204,196,0,0,강남더샵포레스트,102231.985,024510017,gangnamforest.com,20160727,400,55378.8312
137,1168011500,아파트,계단식,개별난방,위탁관리,분양,서울특별시 강남구 광평로34길 55,787,SH공사,서울특별시 강남구 수서동 559 강남데시앙포레,태영건설,A13552002,14,0234124303,86239.71,150,0,297,340,강남데시앙포레,125458.82,0234124301,www..openapt.seoul.go.kr,20140805,787,63104.14
138,1168011500,아파트,복도식,지역난방,위탁관리,임대,서울특별시 강남구 광평로56길 11,1508,SH공사,서울특별시 강남구 수서동 723 서울주택도시공사 수서6단지,(주)동신주택,A13552001,7,0234113779,57595.464,0,0,1512,0,서울주택도시공사 수서6단지,62908.72,024593775,happy.i-sh.co.kr/cms/main.do,19921214,1512,39600.48
139,1168011500,아파트,복도식,지역난방,위탁관리,분양,서울특별시 강남구 광평로19길 10,1403,.,서울특별시 강남구 수서동 746 수서까치마을,진흥기업,A13522007,7,0262470778,81932.75,0,0,1403,0,수서까치마을,83490.86,024590778, ,19930908,1403,57555.18
140,1168011500,아파트,계단식,지역난방,위탁관리,분양,서울특별시 강남구 광평로39길 3,330,동익건설(주),서울특별시 강남구 수서동 738 수서동익,동익건설(주),A13588601,4,024599320,33305.58,0,0,0,330,수서동익,37566,024598410, ,19931126,330,27138.3
141,1168011500,아파트,계단식,지역난방,위탁관리,분양,서울특별시 강남구 광평로31길 27,680,삼성생명보험(주),서울특별시 강남구 수서동 747 수서삼성,삼성물산(주),A13522004,12,0222268761,68559.56,0,0,98,582,수서삼성,91841.77,0222268760, ,19971101,680,55318.82
142,1168011500,아파트,복도식,지역난방,위탁관리,분양,서울특별시 강남구 광평로51길 27,645,도시개발,서울특별시 강남구 수서동 708 수서삼익,삼익건설,A13522003,5,0222261859,57520.665,0,0,495,150,수서삼익,57520.92,024594572, ,19921028,645,40428
143,1168011500,아파트,복도식,지역난방,위탁관리,분양,서울특별시 강남구 광평로47길 17,1162,서울도시개발공사,서울특별시 강남구 수서동 736 수서신동아,신동아,A13522006,8,024591489,67968,0,0,1162,0,수서신동아,70470,024596486, ,19921028,1162,47041.97
144,1168011500,아파트,복도식,지역난방,자치관리(직영),임대,서울특별시 강남구 광평로51길 49,2565,한국토지주택공사,서울특별시 강남구 수서동 707 수서주공,럭키개발,A13522008,14,0262581566,105730.06,0,0,2565,0,수서주공,116832.41,024591567,www.kohom.co.kr/,19921017,2565,71925.75
145,1168011500,아파트,계단식,지역난방,위탁관리,분양,서울특별시 강남구 광평로51길 22,498,"한라, 두진",서울특별시 강남구 수서동 712 수서한아름,"한라, 두진",A13588402,7,024454888,71711.3,438,60,0,0,수서한아름,86433.88,0222260737, ,19931101,498,59105.84
146,1168011800,아파트,혼합식,지역난방,위탁관리,분양,서울특별시 강남구 언주로 117,459,(주)우성건설,서울특별시 강남구 도곡동 465 개포4차우성,(주)우성건설,A13527013,8,0262418309,72171,144,216,0,99,개포4차우성,73088,025728309, ,19851226,459,59577.48
147,1168011800,아파트,계단식,지역난방,위탁관리,분양,서울특별시 강남구 언주로29길 34,180,우성건설,서울특별시 강남구 도곡동 463-1 개포우성5차,우성건설,A13585401,4,025736088,17550,0,0,0,180,개포우성5차,17550,025732815, ,19861027,180,13489.2
148,1168011800,아파트,계단식,지역난방,위탁관리,분양,321,서린아파트,서울특별시 강남구 도곡동 543-7 도곡1차아이파크,현대산업개발,A13527007,5,0220576320,36256.068,198,0,0,123,도곡1차아이파크,65079.24,025786319, ,20070327,321,36256.068,
149,1168011800,아파트,혼합식,지역난방,위탁관리,분양,서울특별시 강남구 언주로 123,620,한신공영,서울특별시 강남구 도곡동 464 도곡개포한신아파트,한신공영(주),A13527016,8,025724379,55239.77,0,0,404,216,도곡개포한신아파트,62151.365,025724369,개포한신.apti.co.kr,19851214,620,40563.01
150,1168011800,아파트,혼합식,개별난방,위탁관리,분양,서울특별시 강남구 논현로 209,348,경남기업,서울특별시 강남구 도곡동 967 도곡경남,경남기업,A13527008,4,0262072517,35518.44,36,0,120,192,도곡경남,44281.67,0234612518, ,20050602,348,27618.24
151,1168011800,아파트,계단식,개별난방,자치관리,분양,서울특별시 강남구 논현로41길 10,197,법무부 주택조합외 4개주택조합,서울특별시 강남구 도곡동 960 도곡대림,대림건설,A13586101,2,0234623975,22147.78,0,0,0,197,도곡대림,22757.13,0234623976, ,19921119,197,16733.19
152,1168011800,주상복합,계단식,중앙난방,위탁관리,분양,서울특별시 강남구 언주로30길 13,490,대림산업,서울특별시 강남구 도곡동 467-6 도곡대림아크로빌,대림산업,A13527014,2,0221875435,101213.688,174,306,4,6,도곡대림아크로빌,144214.85,0221875114,www.icitiro.com/acrovill/index.jsp,19991126,490,73177.226
153,1168011800,주상복합,복도식,개별난방,위탁관리,분양,서울특별시 강남구 강남대로 256,155,대우건설,서울특별시 강남구 도곡동 952 도곡동양재디오빌,대우건설,A13527001,1,025771128,8099.3,0,0,155,0,도곡동양재디오빌,9782.62,025771127, ,20040423,155,4260.59
154,1168011800,아파트,계단식,지역난방,위탁관리,분양,서울특별시 강남구 선릉로 221,3002,도곡주공재건축조합,서울특별시 강남구 도곡동 527 도곡렉슬,"현대,쌍용,GS",A13527203,34,025774559,379722.41,1402,63,601,936,도곡렉슬,553661.398,025774505,www.rexleapt.com,20060127,3002,298679.464
155,1168011800,아파트,혼합식,지역난방,위탁관리,분양,서울특별시 강남구 남부순환로379길 14,231,삼성생명보험(주),서울특별시 강남구 도곡동 161 도곡삼성,삼성건설,A13527004,4,0220582666,21309,0,0,115,116,도곡삼성,22031.28,0234622943, ,19941230,231,15515.11
156,1168011800,아파트,계단식,지역난방,위탁관리,분양,서울특별시 강남구 남부순환로 2803,732,(주)삼성물산,서울특별시 강남구 도곡동 91-5 도곡삼성래미안,(주)삼성물산,A13550502,10,0262050033,94471.668,396,0,144,192,도곡삼성래미안,126760.78,0262052233,dgrma.aptner.co.kr,20011201,732,71979
157,1168011800,아파트,계단식,지역난방,위탁관리,분양,서울특별시 강남구 남부순환로363길 30,384,도곡동신아파트리모델링주택조합,서울특별시 강남구 도곡동 902-8 도곡쌍용예가,쌍용건설(주),A13527019,5,0234610073,52285.2,288,48,0,48,도곡쌍용예가,77270.12,0234610072, ,19781226,384,42932.4
158,1168011800,아파트,혼합식,지역난방,자치관리,분양,서울특별시 강남구 남부순환로363길 49,390,을지조합,서울특별시 강남구 도곡동 934-10 도곡우성아파트,우성건설,A13527010,2,0262413469,39792.15,0,0,0,390,도곡우성아파트,40310.56,0234623466, ,19861031,390,32576.7
159,1168011800,아파트,혼합식,지역난방,위탁관리,분양,421,(주)한신공영,서울특별시 강남구 도곡동 895-8 도곡한신,(주)한신공영,A13550403,5,0234623965,36802.34,90,0,65,266,도곡한신,46483.64,0234629901, ,19880716,421,36882.14,
160,1168011800,아파트,복도식,지역난방,위탁관리,분양,서울특별시 강남구 도곡로18길 34,211,현대산업개발,서울특별시 강남구 도곡동 961 도곡현대,현대산업개발,A13586102,3,0234619220,25110.899,0,0,0,211,도곡현대,25345.98,0234631849, ,19941230,211,17926.56
161,1168011800,아파트,계단식,지역난방,자치관리,분양,서울특별시 강남구 논현로51길 25,171,공업진흥청주택조합,서울특별시 강남구 도곡동 964 도곡현대그린,현대산업개발,A13527002,1,0262599033,21056.769,0,0,0,171,도곡현대그린,21843,0234635487,현대그린.apt.co.kr,20061019,171,14518.56
162,1168011800,아파트,계단식,지역난방,자치관리,분양,서울특별시 강남구 도곡로 320,397,삼성물산,서울특별시 강남구 도곡동 538 래미안도곡카운티,삼성물산,A13585404,8,0234625380,43122.11,157,0,81,159,래미안도곡카운티,67379.79,0234615380, ,20160902,397,33275.43
163,1168011800,주상복합,계단식,지역난방,위탁관리,분양,414,라성건설(주),서울특별시 강남구 도곡동 467-7 아카데미스위트,라성건설(주),A13527011,1,025744305,52956.02,220,106,0,88,아카데미스위트,102379.47,025734305,academysweet.com/,20041115,414,52865.18,
164,1168011800,주상복합,복도식,개별난방,위탁관리,분양,서울특별시 강남구 강남대로 240,176,SK건설,서울특별시 강남구 도곡동 953-1 양재SK허브프리모,SK건설,A13527018,1,025784224,20562.25,0,0,67,109,양재SK허브프리모,20562.28,025783835, ,20060118,176,9680.09
165,1168011800,아파트,혼합식,지역난방,위탁관리,분양,서울특별시 강남구 논현로 213,1094,럭키,서울특별시 강남구 도곡동 963 역삼럭키,럭키,A13585804,10,0234621079,138068,420,0,0,674,역삼럭키,155069.472,0234621077, ,19951228,1094,109509.38
166,1168011800,아파트,혼합식,중앙난방,자치관리,분양,서울특별시 강남구 논현로 218,247,삼익주택,서울특별시 강남구 도곡동 869 역삼삼익,삼익주택,A13527006,2,0262573168,34423.1407,143,104,0,0,역삼삼익,34809.83,0234623168, ,19830611,247,30859.27
167,1168011800,주상복합,계단식,지역난방,위탁관리,분양,서울특별시 강남구 언주로 118,199,(주)우성건설,서울특별시 강남구 도곡동 467-24 우성캐릭터199 아파트,(주)우성건설,A13527003,2,025714327,46170.06,99,100,0,0,우성캐릭터199 아파트,100496.73,025714321, ,19981107,199,29658.06
168,1168011800,주상복합,복도식,지역난방,위탁관리,분양,서울특별시 강남구 언주로30길 56,1297,삼성전자,서울특별시 강남구 도곡동 467 타워팰리스1차,삼성물산,A13527017,4,0220592001,283424.901,84,1099,0,114,타워팰리스1차,457994.32,0220592000, ,20021023,1297,204005.65
169,1168011800,주상복합,혼합식,지역난방,위탁관리,분양,서울특별시 강남구 언주로30길 57,813,삼성중공업,서울특별시 강남구 도곡동 467-17 타워팰리스2차,삼성중공업,A13585402,2,0221874901,126724.61,206,599,0,8,타워팰리스2차,296650.32,0221874900, ,20030228,813,126724.61
170,1168011800,주상복합,복도식,지역난방,위탁관리,분양,서울특별시 강남구 언주로30길 26,480,삼성생명,서울특별시 강남구 도곡동 467-29 타워팰리스G동,삼성중공업,A13585403,1,0234970205,106201.818,76,404,0,0,타워팰리스G동,222720.842,0234970200, ,20040419,480,75439.259
171,1168011800,주상복합,복도식,지역난방,위탁관리,분양,서울특별시 강남구 언주로30길 10,232,ㅁ,서울특별시 강남구 도곡동 467-19 현대비전21,ㅁ,A13527005,1, ,16604.08,0,0,232,0,현대비전21,42432.05,0234602004, ,19991130,232,7899.14
